[
    {
        "id" : 1,
        "nome" : "Produto 01",
        "preco" : 10,
        "imagem": ""
    },
    {
        "id" : 2,
        "nome" : "Produto 02",
        "preco" : 20,
        "imagem" : "/imagens/bart.png"
    },
    {
        "id" : 3,
        "nome" : "Produto 03",
        "preco" : 30
    },
    {
        "id" : 4,
        "nome" : "Produto 04",
        "preco" : 40
    },
    {
        "id" : 5,
        "nome" : "Produto 05",
        "preco" : 50
    }
]